{
    "rmse": 0.7932730237242026,
    "mae": 0.65116712453893,
    "r2": 0.01857731743558122
}