{
    "rmse": 0.7489467816340463,
    "mae": 0.6203888293223772,
    "r2": 0.032383423626706764
}