{
    "rmse": 0.806339595846043,
    "mae": 0.6485394449968024,
    "r2": -0.004386840576061646
}