{
    "rmse": 0.8386198350677025,
    "mae": 0.6834711046603982,
    "r2": 0.018026577627938578
}